"date_key";"full_date";"yr";"quarter_of_yr";"mon_of_yr";"month_name";"day_of_year";"week_of_year";"is_weekend";"day_of_week";"day_name";"month_year";"yr_month"
20190102;"2019-01-02";2019;"Q4";1;"January";2;0;0;4;"Wednesday";"Jan-2019";"2019-01"
20190103;"2019-01-03";2019;"Q4";1;"January";3;0;0;5;"Thursday";"Jan-2019";"2019-01"
20190104;"2019-01-04";2019;"Q4";1;"January";4;0;0;6;"Friday";"Jan-2019";"2019-01"
20190105;"2019-01-05";2019;"Q4";1;"January";5;0;1;7;"Saturday";"Jan-2019";"2019-01"
20190106;"2019-01-06";2019;"Q4";1;"January";6;1;1;1;"Sunday";"Jan-2019";"2019-01"
20190107;"2019-01-07";2019;"Q4";1;"January";7;1;0;2;"Monday";"Jan-2019";"2019-01"
20190108;"2019-01-08";2019;"Q4";1;"January";8;1;0;3;"Tuesday";"Jan-2019";"2019-01"
20190109;"2019-01-09";2019;"Q4";1;"January";9;1;0;4;"Wednesday";"Jan-2019";"2019-01"
20190110;"2019-01-10";2019;"Q4";1;"January";10;1;0;5;"Thursday";"Jan-2019";"2019-01"
20190111;"2019-01-11";2019;"Q4";1;"January";11;1;0;6;"Friday";"Jan-2019";"2019-01"
20190112;"2019-01-12";2019;"Q4";1;"January";12;1;1;7;"Saturday";"Jan-2019";"2019-01"
20190113;"2019-01-13";2019;"Q4";1;"January";13;2;1;1;"Sunday";"Jan-2019";"2019-01"
20190114;"2019-01-14";2019;"Q4";1;"January";14;2;0;2;"Monday";"Jan-2019";"2019-01"
20190115;"2019-01-15";2019;"Q4";1;"January";15;2;0;3;"Tuesday";"Jan-2019";"2019-01"
20190116;"2019-01-16";2019;"Q4";1;"January";16;2;0;4;"Wednesday";"Jan-2019";"2019-01"
20190117;"2019-01-17";2019;"Q4";1;"January";17;2;0;5;"Thursday";"Jan-2019";"2019-01"
20190118;"2019-01-18";2019;"Q4";1;"January";18;2;0;6;"Friday";"Jan-2019";"2019-01"
20190119;"2019-01-19";2019;"Q4";1;"January";19;2;1;7;"Saturday";"Jan-2019";"2019-01"
20190120;"2019-01-20";2019;"Q4";1;"January";20;3;1;1;"Sunday";"Jan-2019";"2019-01"
20190121;"2019-01-21";2019;"Q4";1;"January";21;3;0;2;"Monday";"Jan-2019";"2019-01"
20190122;"2019-01-22";2019;"Q4";1;"January";22;3;0;3;"Tuesday";"Jan-2019";"2019-01"
20190123;"2019-01-23";2019;"Q4";1;"January";23;3;0;4;"Wednesday";"Jan-2019";"2019-01"
20190124;"2019-01-24";2019;"Q4";1;"January";24;3;0;5;"Thursday";"Jan-2019";"2019-01"
20190125;"2019-01-25";2019;"Q4";1;"January";25;3;0;6;"Friday";"Jan-2019";"2019-01"
20190126;"2019-01-26";2019;"Q4";1;"January";26;3;1;7;"Saturday";"Jan-2019";"2019-01"
20190127;"2019-01-27";2019;"Q4";1;"January";27;4;1;1;"Sunday";"Jan-2019";"2019-01"
20190128;"2019-01-28";2019;"Q4";1;"January";28;4;0;2;"Monday";"Jan-2019";"2019-01"
20190129;"2019-01-29";2019;"Q4";1;"January";29;4;0;3;"Tuesday";"Jan-2019";"2019-01"
20190130;"2019-01-30";2019;"Q4";1;"January";30;4;0;4;"Wednesday";"Jan-2019";"2019-01"
20190131;"2019-01-31";2019;"Q4";1;"January";31;4;0;5;"Thursday";"Jan-2019";"2019-01"
20190201;"2019-02-01";2019;"Q4";2;"February";1;4;0;6;"Friday";"Feb-2019";"2019-02"
20190202;"2019-02-02";2019;"Q4";2;"February";2;4;1;7;"Saturday";"Feb-2019";"2019-02"
20190203;"2019-02-03";2019;"Q4";2;"February";3;5;1;1;"Sunday";"Feb-2019";"2019-02"
20190204;"2019-02-04";2019;"Q4";2;"February";4;5;0;2;"Monday";"Feb-2019";"2019-02"
20190205;"2019-02-05";2019;"Q4";2;"February";5;5;0;3;"Tuesday";"Feb-2019";"2019-02"
20190206;"2019-02-06";2019;"Q4";2;"February";6;5;0;4;"Wednesday";"Feb-2019";"2019-02"
20190207;"2019-02-07";2019;"Q4";2;"February";7;5;0;5;"Thursday";"Feb-2019";"2019-02"
20190208;"2019-02-08";2019;"Q4";2;"February";8;5;0;6;"Friday";"Feb-2019";"2019-02"
20190209;"2019-02-09";2019;"Q4";2;"February";9;5;1;7;"Saturday";"Feb-2019";"2019-02"
20190210;"2019-02-10";2019;"Q4";2;"February";10;6;1;1;"Sunday";"Feb-2019";"2019-02"
20190211;"2019-02-11";2019;"Q4";2;"February";11;6;0;2;"Monday";"Feb-2019";"2019-02"
20190212;"2019-02-12";2019;"Q4";2;"February";12;6;0;3;"Tuesday";"Feb-2019";"2019-02"
20190213;"2019-02-13";2019;"Q4";2;"February";13;6;0;4;"Wednesday";"Feb-2019";"2019-02"
20190214;"2019-02-14";2019;"Q4";2;"February";14;6;0;5;"Thursday";"Feb-2019";"2019-02"
20190215;"2019-02-15";2019;"Q4";2;"February";15;6;0;6;"Friday";"Feb-2019";"2019-02"
20190216;"2019-02-16";2019;"Q4";2;"February";16;6;1;7;"Saturday";"Feb-2019";"2019-02"
20190217;"2019-02-17";2019;"Q4";2;"February";17;7;1;1;"Sunday";"Feb-2019";"2019-02"
20190218;"2019-02-18";2019;"Q4";2;"February";18;7;0;2;"Monday";"Feb-2019";"2019-02"
20190219;"2019-02-19";2019;"Q4";2;"February";19;7;0;3;"Tuesday";"Feb-2019";"2019-02"
20190220;"2019-02-20";2019;"Q4";2;"February";20;7;0;4;"Wednesday";"Feb-2019";"2019-02"
20190221;"2019-02-21";2019;"Q4";2;"February";21;7;0;5;"Thursday";"Feb-2019";"2019-02"
20190222;"2019-02-22";2019;"Q4";2;"February";22;7;0;6;"Friday";"Feb-2019";"2019-02"
20190223;"2019-02-23";2019;"Q4";2;"February";23;7;1;7;"Saturday";"Feb-2019";"2019-02"
20190224;"2019-02-24";2019;"Q4";2;"February";24;8;1;1;"Sunday";"Feb-2019";"2019-02"
20190225;"2019-02-25";2019;"Q4";2;"February";25;8;0;2;"Monday";"Feb-2019";"2019-02"
20190226;"2019-02-26";2019;"Q4";2;"February";26;8;0;3;"Tuesday";"Feb-2019";"2019-02"
20190227;"2019-02-27";2019;"Q4";2;"February";27;8;0;4;"Wednesday";"Feb-2019";"2019-02"
20190228;"2019-02-28";2019;"Q4";2;"February";28;8;0;5;"Thursday";"Feb-2019";"2019-02"
20190301;"2019-03-01";2019;"Q4";3;"March";1;8;0;6;"Friday";"Mar-2019";"2019-03"
20190302;"2019-03-02";2019;"Q4";3;"March";2;8;1;7;"Saturday";"Mar-2019";"2019-03"
20190303;"2019-03-03";2019;"Q4";3;"March";3;9;1;1;"Sunday";"Mar-2019";"2019-03"
20190304;"2019-03-04";2019;"Q4";3;"March";4;9;0;2;"Monday";"Mar-2019";"2019-03"
20190305;"2019-03-05";2019;"Q4";3;"March";5;9;0;3;"Tuesday";"Mar-2019";"2019-03"
20190306;"2019-03-06";2019;"Q4";3;"March";6;9;0;4;"Wednesday";"Mar-2019";"2019-03"
20190307;"2019-03-07";2019;"Q4";3;"March";7;9;0;5;"Thursday";"Mar-2019";"2019-03"
20190308;"2019-03-08";2019;"Q4";3;"March";8;9;0;6;"Friday";"Mar-2019";"2019-03"
20190309;"2019-03-09";2019;"Q4";3;"March";9;9;1;7;"Saturday";"Mar-2019";"2019-03"
20190310;"2019-03-10";2019;"Q4";3;"March";10;10;1;1;"Sunday";"Mar-2019";"2019-03"
20190311;"2019-03-11";2019;"Q4";3;"March";11;10;0;2;"Monday";"Mar-2019";"2019-03"
20190312;"2019-03-12";2019;"Q4";3;"March";12;10;0;3;"Tuesday";"Mar-2019";"2019-03"
20190313;"2019-03-13";2019;"Q4";3;"March";13;10;0;4;"Wednesday";"Mar-2019";"2019-03"
20190314;"2019-03-14";2019;"Q4";3;"March";14;10;0;5;"Thursday";"Mar-2019";"2019-03"
20190315;"2019-03-15";2019;"Q4";3;"March";15;10;0;6;"Friday";"Mar-2019";"2019-03"
20190316;"2019-03-16";2019;"Q4";3;"March";16;10;1;7;"Saturday";"Mar-2019";"2019-03"
20190317;"2019-03-17";2019;"Q4";3;"March";17;11;1;1;"Sunday";"Mar-2019";"2019-03"
20190318;"2019-03-18";2019;"Q4";3;"March";18;11;0;2;"Monday";"Mar-2019";"2019-03"
20190319;"2019-03-19";2019;"Q4";3;"March";19;11;0;3;"Tuesday";"Mar-2019";"2019-03"
20190320;"2019-03-20";2019;"Q4";3;"March";20;11;0;4;"Wednesday";"Mar-2019";"2019-03"
20190321;"2019-03-21";2019;"Q4";3;"March";21;11;0;5;"Thursday";"Mar-2019";"2019-03"
20190322;"2019-03-22";2019;"Q4";3;"March";22;11;0;6;"Friday";"Mar-2019";"2019-03"
20190323;"2019-03-23";2019;"Q4";3;"March";23;11;1;7;"Saturday";"Mar-2019";"2019-03"
20190324;"2019-03-24";2019;"Q4";3;"March";24;12;1;1;"Sunday";"Mar-2019";"2019-03"
20190325;"2019-03-25";2019;"Q4";3;"March";25;12;0;2;"Monday";"Mar-2019";"2019-03"
20190326;"2019-03-26";2019;"Q4";3;"March";26;12;0;3;"Tuesday";"Mar-2019";"2019-03"
20190327;"2019-03-27";2019;"Q4";3;"March";27;12;0;4;"Wednesday";"Mar-2019";"2019-03"
20190328;"2019-03-28";2019;"Q4";3;"March";28;12;0;5;"Thursday";"Mar-2019";"2019-03"
20190329;"2019-03-29";2019;"Q4";3;"March";29;12;0;6;"Friday";"Mar-2019";"2019-03"
20190330;"2019-03-30";2019;"Q4";3;"March";30;12;1;7;"Saturday";"Mar-2019";"2019-03"
20190331;"2019-03-31";2019;"Q4";3;"March";31;13;1;1;"Sunday";"Mar-2019";"2019-03"
20190401;"2019-04-01";2019;"Q1";4;"April";1;13;0;2;"Monday";"Apr-2019";"2019-04"
20190402;"2019-04-02";2019;"Q1";4;"April";2;13;0;3;"Tuesday";"Apr-2019";"2019-04"
20190403;"2019-04-03";2019;"Q1";4;"April";3;13;0;4;"Wednesday";"Apr-2019";"2019-04"
20190404;"2019-04-04";2019;"Q1";4;"April";4;13;0;5;"Thursday";"Apr-2019";"2019-04"
20190405;"2019-04-05";2019;"Q1";4;"April";5;13;0;6;"Friday";"Apr-2019";"2019-04"
20190406;"2019-04-06";2019;"Q1";4;"April";6;13;1;7;"Saturday";"Apr-2019";"2019-04"
20190407;"2019-04-07";2019;"Q1";4;"April";7;14;1;1;"Sunday";"Apr-2019";"2019-04"
20190408;"2019-04-08";2019;"Q1";4;"April";8;14;0;2;"Monday";"Apr-2019";"2019-04"
20190409;"2019-04-09";2019;"Q1";4;"April";9;14;0;3;"Tuesday";"Apr-2019";"2019-04"
20190410;"2019-04-10";2019;"Q1";4;"April";10;14;0;4;"Wednesday";"Apr-2019";"2019-04"
20190411;"2019-04-11";2019;"Q1";4;"April";11;14;0;5;"Thursday";"Apr-2019";"2019-04"
20190412;"2019-04-12";2019;"Q1";4;"April";12;14;0;6;"Friday";"Apr-2019";"2019-04"
20190413;"2019-04-13";2019;"Q1";4;"April";13;14;1;7;"Saturday";"Apr-2019";"2019-04"
20190414;"2019-04-14";2019;"Q1";4;"April";14;15;1;1;"Sunday";"Apr-2019";"2019-04"
20190415;"2019-04-15";2019;"Q1";4;"April";15;15;0;2;"Monday";"Apr-2019";"2019-04"
20190416;"2019-04-16";2019;"Q1";4;"April";16;15;0;3;"Tuesday";"Apr-2019";"2019-04"
20190417;"2019-04-17";2019;"Q1";4;"April";17;15;0;4;"Wednesday";"Apr-2019";"2019-04"
20190418;"2019-04-18";2019;"Q1";4;"April";18;15;0;5;"Thursday";"Apr-2019";"2019-04"
20190419;"2019-04-19";2019;"Q1";4;"April";19;15;0;6;"Friday";"Apr-2019";"2019-04"
20190420;"2019-04-20";2019;"Q1";4;"April";20;15;1;7;"Saturday";"Apr-2019";"2019-04"
20190421;"2019-04-21";2019;"Q1";4;"April";21;16;1;1;"Sunday";"Apr-2019";"2019-04"
20190422;"2019-04-22";2019;"Q1";4;"April";22;16;0;2;"Monday";"Apr-2019";"2019-04"
20190423;"2019-04-23";2019;"Q1";4;"April";23;16;0;3;"Tuesday";"Apr-2019";"2019-04"
20190424;"2019-04-24";2019;"Q1";4;"April";24;16;0;4;"Wednesday";"Apr-2019";"2019-04"
20190425;"2019-04-25";2019;"Q1";4;"April";25;16;0;5;"Thursday";"Apr-2019";"2019-04"
20190426;"2019-04-26";2019;"Q1";4;"April";26;16;0;6;"Friday";"Apr-2019";"2019-04"
20190427;"2019-04-27";2019;"Q1";4;"April";27;16;1;7;"Saturday";"Apr-2019";"2019-04"
20190428;"2019-04-28";2019;"Q1";4;"April";28;17;1;1;"Sunday";"Apr-2019";"2019-04"
20190429;"2019-04-29";2019;"Q1";4;"April";29;17;0;2;"Monday";"Apr-2019";"2019-04"
20190430;"2019-04-30";2019;"Q1";4;"April";30;17;0;3;"Tuesday";"Apr-2019";"2019-04"
20190501;"2019-05-01";2019;"Q1";5;"May";1;17;0;4;"Wednesday";"May-2019";"2019-05"
20190502;"2019-05-02";2019;"Q1";5;"May";2;17;0;5;"Thursday";"May-2019";"2019-05"
20190503;"2019-05-03";2019;"Q1";5;"May";3;17;0;6;"Friday";"May-2019";"2019-05"
20190504;"2019-05-04";2019;"Q1";5;"May";4;17;1;7;"Saturday";"May-2019";"2019-05"
20190505;"2019-05-05";2019;"Q1";5;"May";5;18;1;1;"Sunday";"May-2019";"2019-05"
20190506;"2019-05-06";2019;"Q1";5;"May";6;18;0;2;"Monday";"May-2019";"2019-05"
20190507;"2019-05-07";2019;"Q1";5;"May";7;18;0;3;"Tuesday";"May-2019";"2019-05"
20190508;"2019-05-08";2019;"Q1";5;"May";8;18;0;4;"Wednesday";"May-2019";"2019-05"
20190509;"2019-05-09";2019;"Q1";5;"May";9;18;0;5;"Thursday";"May-2019";"2019-05"
20190510;"2019-05-10";2019;"Q1";5;"May";10;18;0;6;"Friday";"May-2019";"2019-05"
20190511;"2019-05-11";2019;"Q1";5;"May";11;18;1;7;"Saturday";"May-2019";"2019-05"
20190512;"2019-05-12";2019;"Q1";5;"May";12;19;1;1;"Sunday";"May-2019";"2019-05"
20190513;"2019-05-13";2019;"Q1";5;"May";13;19;0;2;"Monday";"May-2019";"2019-05"
20190514;"2019-05-14";2019;"Q1";5;"May";14;19;0;3;"Tuesday";"May-2019";"2019-05"
20190515;"2019-05-15";2019;"Q1";5;"May";15;19;0;4;"Wednesday";"May-2019";"2019-05"
20190516;"2019-05-16";2019;"Q1";5;"May";16;19;0;5;"Thursday";"May-2019";"2019-05"
20190517;"2019-05-17";2019;"Q1";5;"May";17;19;0;6;"Friday";"May-2019";"2019-05"
20190518;"2019-05-18";2019;"Q1";5;"May";18;19;1;7;"Saturday";"May-2019";"2019-05"
20190519;"2019-05-19";2019;"Q1";5;"May";19;20;1;1;"Sunday";"May-2019";"2019-05"
20190520;"2019-05-20";2019;"Q1";5;"May";20;20;0;2;"Monday";"May-2019";"2019-05"
20190521;"2019-05-21";2019;"Q1";5;"May";21;20;0;3;"Tuesday";"May-2019";"2019-05"
20190522;"2019-05-22";2019;"Q1";5;"May";22;20;0;4;"Wednesday";"May-2019";"2019-05"
20190523;"2019-05-23";2019;"Q1";5;"May";23;20;0;5;"Thursday";"May-2019";"2019-05"
20190524;"2019-05-24";2019;"Q1";5;"May";24;20;0;6;"Friday";"May-2019";"2019-05"
20190525;"2019-05-25";2019;"Q1";5;"May";25;20;1;7;"Saturday";"May-2019";"2019-05"
20190526;"2019-05-26";2019;"Q1";5;"May";26;21;1;1;"Sunday";"May-2019";"2019-05"
20190527;"2019-05-27";2019;"Q1";5;"May";27;21;0;2;"Monday";"May-2019";"2019-05"
20190528;"2019-05-28";2019;"Q1";5;"May";28;21;0;3;"Tuesday";"May-2019";"2019-05"
20190529;"2019-05-29";2019;"Q1";5;"May";29;21;0;4;"Wednesday";"May-2019";"2019-05"
20190530;"2019-05-30";2019;"Q1";5;"May";30;21;0;5;"Thursday";"May-2019";"2019-05"
20190531;"2019-05-31";2019;"Q1";5;"May";31;21;0;6;"Friday";"May-2019";"2019-05"
20190601;"2019-06-01";2019;"Q1";6;"June";1;21;1;7;"Saturday";"Jun-2019";"2019-06"
20190602;"2019-06-02";2019;"Q1";6;"June";2;22;1;1;"Sunday";"Jun-2019";"2019-06"
20190603;"2019-06-03";2019;"Q1";6;"June";3;22;0;2;"Monday";"Jun-2019";"2019-06"
20190604;"2019-06-04";2019;"Q1";6;"June";4;22;0;3;"Tuesday";"Jun-2019";"2019-06"
20190605;"2019-06-05";2019;"Q1";6;"June";5;22;0;4;"Wednesday";"Jun-2019";"2019-06"
20190606;"2019-06-06";2019;"Q1";6;"June";6;22;0;5;"Thursday";"Jun-2019";"2019-06"
20190607;"2019-06-07";2019;"Q1";6;"June";7;22;0;6;"Friday";"Jun-2019";"2019-06"
20190608;"2019-06-08";2019;"Q1";6;"June";8;22;1;7;"Saturday";"Jun-2019";"2019-06"
20190609;"2019-06-09";2019;"Q1";6;"June";9;23;1;1;"Sunday";"Jun-2019";"2019-06"
20190610;"2019-06-10";2019;"Q1";6;"June";10;23;0;2;"Monday";"Jun-2019";"2019-06"
20190611;"2019-06-11";2019;"Q1";6;"June";11;23;0;3;"Tuesday";"Jun-2019";"2019-06"
20190612;"2019-06-12";2019;"Q1";6;"June";12;23;0;4;"Wednesday";"Jun-2019";"2019-06"
20190613;"2019-06-13";2019;"Q1";6;"June";13;23;0;5;"Thursday";"Jun-2019";"2019-06"
20190614;"2019-06-14";2019;"Q1";6;"June";14;23;0;6;"Friday";"Jun-2019";"2019-06"
20190615;"2019-06-15";2019;"Q1";6;"June";15;23;1;7;"Saturday";"Jun-2019";"2019-06"
20190616;"2019-06-16";2019;"Q1";6;"June";16;24;1;1;"Sunday";"Jun-2019";"2019-06"
20190617;"2019-06-17";2019;"Q1";6;"June";17;24;0;2;"Monday";"Jun-2019";"2019-06"
20190618;"2019-06-18";2019;"Q1";6;"June";18;24;0;3;"Tuesday";"Jun-2019";"2019-06"
20190619;"2019-06-19";2019;"Q1";6;"June";19;24;0;4;"Wednesday";"Jun-2019";"2019-06"
20190620;"2019-06-20";2019;"Q1";6;"June";20;24;0;5;"Thursday";"Jun-2019";"2019-06"
20190621;"2019-06-21";2019;"Q1";6;"June";21;24;0;6;"Friday";"Jun-2019";"2019-06"
20190622;"2019-06-22";2019;"Q1";6;"June";22;24;1;7;"Saturday";"Jun-2019";"2019-06"
20190623;"2019-06-23";2019;"Q1";6;"June";23;25;1;1;"Sunday";"Jun-2019";"2019-06"
20190624;"2019-06-24";2019;"Q1";6;"June";24;25;0;2;"Monday";"Jun-2019";"2019-06"
20190625;"2019-06-25";2019;"Q1";6;"June";25;25;0;3;"Tuesday";"Jun-2019";"2019-06"
20190626;"2019-06-26";2019;"Q1";6;"June";26;25;0;4;"Wednesday";"Jun-2019";"2019-06"
20190627;"2019-06-27";2019;"Q1";6;"June";27;25;0;5;"Thursday";"Jun-2019";"2019-06"
20190628;"2019-06-28";2019;"Q1";6;"June";28;25;0;6;"Friday";"Jun-2019";"2019-06"
20190629;"2019-06-29";2019;"Q1";6;"June";29;25;1;7;"Saturday";"Jun-2019";"2019-06"
20190630;"2019-06-30";2019;"Q1";6;"June";30;26;1;1;"Sunday";"Jun-2019";"2019-06"
20190701;"2019-07-01";2019;"Q2";7;"July";1;26;0;2;"Monday";"Jul-2019";"2019-07"
20190702;"2019-07-02";2019;"Q2";7;"July";2;26;0;3;"Tuesday";"Jul-2019";"2019-07"
20190703;"2019-07-03";2019;"Q2";7;"July";3;26;0;4;"Wednesday";"Jul-2019";"2019-07"
20190704;"2019-07-04";2019;"Q2";7;"July";4;26;0;5;"Thursday";"Jul-2019";"2019-07"
20190705;"2019-07-05";2019;"Q2";7;"July";5;26;0;6;"Friday";"Jul-2019";"2019-07"
20190706;"2019-07-06";2019;"Q2";7;"July";6;26;1;7;"Saturday";"Jul-2019";"2019-07"
20190707;"2019-07-07";2019;"Q2";7;"July";7;27;1;1;"Sunday";"Jul-2019";"2019-07"
20190708;"2019-07-08";2019;"Q2";7;"July";8;27;0;2;"Monday";"Jul-2019";"2019-07"
20190709;"2019-07-09";2019;"Q2";7;"July";9;27;0;3;"Tuesday";"Jul-2019";"2019-07"
20190710;"2019-07-10";2019;"Q2";7;"July";10;27;0;4;"Wednesday";"Jul-2019";"2019-07"
20190711;"2019-07-11";2019;"Q2";7;"July";11;27;0;5;"Thursday";"Jul-2019";"2019-07"
20190712;"2019-07-12";2019;"Q2";7;"July";12;27;0;6;"Friday";"Jul-2019";"2019-07"
20190713;"2019-07-13";2019;"Q2";7;"July";13;27;1;7;"Saturday";"Jul-2019";"2019-07"
20190714;"2019-07-14";2019;"Q2";7;"July";14;28;1;1;"Sunday";"Jul-2019";"2019-07"
20190715;"2019-07-15";2019;"Q2";7;"July";15;28;0;2;"Monday";"Jul-2019";"2019-07"
20190716;"2019-07-16";2019;"Q2";7;"July";16;28;0;3;"Tuesday";"Jul-2019";"2019-07"
20190717;"2019-07-17";2019;"Q2";7;"July";17;28;0;4;"Wednesday";"Jul-2019";"2019-07"
20190718;"2019-07-18";2019;"Q2";7;"July";18;28;0;5;"Thursday";"Jul-2019";"2019-07"
20190719;"2019-07-19";2019;"Q2";7;"July";19;28;0;6;"Friday";"Jul-2019";"2019-07"
20190720;"2019-07-20";2019;"Q2";7;"July";20;28;1;7;"Saturday";"Jul-2019";"2019-07"
20190721;"2019-07-21";2019;"Q2";7;"July";21;29;1;1;"Sunday";"Jul-2019";"2019-07"
20190722;"2019-07-22";2019;"Q2";7;"July";22;29;0;2;"Monday";"Jul-2019";"2019-07"
20190723;"2019-07-23";2019;"Q2";7;"July";23;29;0;3;"Tuesday";"Jul-2019";"2019-07"
20190724;"2019-07-24";2019;"Q2";7;"July";24;29;0;4;"Wednesday";"Jul-2019";"2019-07"
20190725;"2019-07-25";2019;"Q2";7;"July";25;29;0;5;"Thursday";"Jul-2019";"2019-07"
20190726;"2019-07-26";2019;"Q2";7;"July";26;29;0;6;"Friday";"Jul-2019";"2019-07"
20190727;"2019-07-27";2019;"Q2";7;"July";27;29;1;7;"Saturday";"Jul-2019";"2019-07"
20190728;"2019-07-28";2019;"Q2";7;"July";28;30;1;1;"Sunday";"Jul-2019";"2019-07"
20190729;"2019-07-29";2019;"Q2";7;"July";29;30;0;2;"Monday";"Jul-2019";"2019-07"
20190730;"2019-07-30";2019;"Q2";7;"July";30;30;0;3;"Tuesday";"Jul-2019";"2019-07"
20190731;"2019-07-31";2019;"Q2";7;"July";31;30;0;4;"Wednesday";"Jul-2019";"2019-07"
20190801;"2019-08-01";2019;"Q2";8;"August";1;30;0;5;"Thursday";"Aug-2019";"2019-08"
20190802;"2019-08-02";2019;"Q2";8;"August";2;30;0;6;"Friday";"Aug-2019";"2019-08"
20190803;"2019-08-03";2019;"Q2";8;"August";3;30;1;7;"Saturday";"Aug-2019";"2019-08"
20190804;"2019-08-04";2019;"Q2";8;"August";4;31;1;1;"Sunday";"Aug-2019";"2019-08"
20190805;"2019-08-05";2019;"Q2";8;"August";5;31;0;2;"Monday";"Aug-2019";"2019-08"
20190806;"2019-08-06";2019;"Q2";8;"August";6;31;0;3;"Tuesday";"Aug-2019";"2019-08"
20190807;"2019-08-07";2019;"Q2";8;"August";7;31;0;4;"Wednesday";"Aug-2019";"2019-08"
20190808;"2019-08-08";2019;"Q2";8;"August";8;31;0;5;"Thursday";"Aug-2019";"2019-08"
20190809;"2019-08-09";2019;"Q2";8;"August";9;31;0;6;"Friday";"Aug-2019";"2019-08"
20190810;"2019-08-10";2019;"Q2";8;"August";10;31;1;7;"Saturday";"Aug-2019";"2019-08"
20190811;"2019-08-11";2019;"Q2";8;"August";11;32;1;1;"Sunday";"Aug-2019";"2019-08"
20190812;"2019-08-12";2019;"Q2";8;"August";12;32;0;2;"Monday";"Aug-2019";"2019-08"
20190813;"2019-08-13";2019;"Q2";8;"August";13;32;0;3;"Tuesday";"Aug-2019";"2019-08"
20190814;"2019-08-14";2019;"Q2";8;"August";14;32;0;4;"Wednesday";"Aug-2019";"2019-08"
20190815;"2019-08-15";2019;"Q2";8;"August";15;32;0;5;"Thursday";"Aug-2019";"2019-08"
20190816;"2019-08-16";2019;"Q2";8;"August";16;32;0;6;"Friday";"Aug-2019";"2019-08"
20190817;"2019-08-17";2019;"Q2";8;"August";17;32;1;7;"Saturday";"Aug-2019";"2019-08"
20190818;"2019-08-18";2019;"Q2";8;"August";18;33;1;1;"Sunday";"Aug-2019";"2019-08"
20190819;"2019-08-19";2019;"Q2";8;"August";19;33;0;2;"Monday";"Aug-2019";"2019-08"
20190820;"2019-08-20";2019;"Q2";8;"August";20;33;0;3;"Tuesday";"Aug-2019";"2019-08"
20190821;"2019-08-21";2019;"Q2";8;"August";21;33;0;4;"Wednesday";"Aug-2019";"2019-08"
20190822;"2019-08-22";2019;"Q2";8;"August";22;33;0;5;"Thursday";"Aug-2019";"2019-08"
20190823;"2019-08-23";2019;"Q2";8;"August";23;33;0;6;"Friday";"Aug-2019";"2019-08"
20190824;"2019-08-24";2019;"Q2";8;"August";24;33;1;7;"Saturday";"Aug-2019";"2019-08"
20190825;"2019-08-25";2019;"Q2";8;"August";25;34;1;1;"Sunday";"Aug-2019";"2019-08"
20190826;"2019-08-26";2019;"Q2";8;"August";26;34;0;2;"Monday";"Aug-2019";"2019-08"
20190827;"2019-08-27";2019;"Q2";8;"August";27;34;0;3;"Tuesday";"Aug-2019";"2019-08"
20190828;"2019-08-28";2019;"Q2";8;"August";28;34;0;4;"Wednesday";"Aug-2019";"2019-08"
20190829;"2019-08-29";2019;"Q2";8;"August";29;34;0;5;"Thursday";"Aug-2019";"2019-08"
20190830;"2019-08-30";2019;"Q2";8;"August";30;34;0;6;"Friday";"Aug-2019";"2019-08"
20190831;"2019-08-31";2019;"Q2";8;"August";31;34;1;7;"Saturday";"Aug-2019";"2019-08"
20190901;"2019-09-01";2019;"Q2";9;"September";1;35;1;1;"Sunday";"Sep-2019";"2019-09"
20190902;"2019-09-02";2019;"Q2";9;"September";2;35;0;2;"Monday";"Sep-2019";"2019-09"
20190903;"2019-09-03";2019;"Q2";9;"September";3;35;0;3;"Tuesday";"Sep-2019";"2019-09"
20190904;"2019-09-04";2019;"Q2";9;"September";4;35;0;4;"Wednesday";"Sep-2019";"2019-09"
20190905;"2019-09-05";2019;"Q2";9;"September";5;35;0;5;"Thursday";"Sep-2019";"2019-09"
20190906;"2019-09-06";2019;"Q2";9;"September";6;35;0;6;"Friday";"Sep-2019";"2019-09"
20190907;"2019-09-07";2019;"Q2";9;"September";7;35;1;7;"Saturday";"Sep-2019";"2019-09"
20190908;"2019-09-08";2019;"Q2";9;"September";8;36;1;1;"Sunday";"Sep-2019";"2019-09"
20190909;"2019-09-09";2019;"Q2";9;"September";9;36;0;2;"Monday";"Sep-2019";"2019-09"
20190910;"2019-09-10";2019;"Q2";9;"September";10;36;0;3;"Tuesday";"Sep-2019";"2019-09"
20190911;"2019-09-11";2019;"Q2";9;"September";11;36;0;4;"Wednesday";"Sep-2019";"2019-09"
20190912;"2019-09-12";2019;"Q2";9;"September";12;36;0;5;"Thursday";"Sep-2019";"2019-09"
20190913;"2019-09-13";2019;"Q2";9;"September";13;36;0;6;"Friday";"Sep-2019";"2019-09"
20190914;"2019-09-14";2019;"Q2";9;"September";14;36;1;7;"Saturday";"Sep-2019";"2019-09"
20190915;"2019-09-15";2019;"Q2";9;"September";15;37;1;1;"Sunday";"Sep-2019";"2019-09"
20190916;"2019-09-16";2019;"Q2";9;"September";16;37;0;2;"Monday";"Sep-2019";"2019-09"
20190917;"2019-09-17";2019;"Q2";9;"September";17;37;0;3;"Tuesday";"Sep-2019";"2019-09"
20190918;"2019-09-18";2019;"Q2";9;"September";18;37;0;4;"Wednesday";"Sep-2019";"2019-09"
20190919;"2019-09-19";2019;"Q2";9;"September";19;37;0;5;"Thursday";"Sep-2019";"2019-09"
20190920;"2019-09-20";2019;"Q2";9;"September";20;37;0;6;"Friday";"Sep-2019";"2019-09"
20190921;"2019-09-21";2019;"Q2";9;"September";21;37;1;7;"Saturday";"Sep-2019";"2019-09"
20190922;"2019-09-22";2019;"Q2";9;"September";22;38;1;1;"Sunday";"Sep-2019";"2019-09"
20190923;"2019-09-23";2019;"Q2";9;"September";23;38;0;2;"Monday";"Sep-2019";"2019-09"
20190924;"2019-09-24";2019;"Q2";9;"September";24;38;0;3;"Tuesday";"Sep-2019";"2019-09"
20190925;"2019-09-25";2019;"Q2";9;"September";25;38;0;4;"Wednesday";"Sep-2019";"2019-09"
20190926;"2019-09-26";2019;"Q2";9;"September";26;38;0;5;"Thursday";"Sep-2019";"2019-09"
20190927;"2019-09-27";2019;"Q2";9;"September";27;38;0;6;"Friday";"Sep-2019";"2019-09"
20190928;"2019-09-28";2019;"Q2";9;"September";28;38;1;7;"Saturday";"Sep-2019";"2019-09"
20190929;"2019-09-29";2019;"Q2";9;"September";29;39;1;1;"Sunday";"Sep-2019";"2019-09"
20190930;"2019-09-30";2019;"Q2";9;"September";30;39;0;2;"Monday";"Sep-2019";"2019-09"
20191001;"2019-10-01";2019;"Q3";10;"October";1;39;0;3;"Tuesday";"Oct-2019";"2019-10"
20191002;"2019-10-02";2019;"Q3";10;"October";2;39;0;4;"Wednesday";"Oct-2019";"2019-10"
20191003;"2019-10-03";2019;"Q3";10;"October";3;39;0;5;"Thursday";"Oct-2019";"2019-10"
20191004;"2019-10-04";2019;"Q3";10;"October";4;39;0;6;"Friday";"Oct-2019";"2019-10"
20191005;"2019-10-05";2019;"Q3";10;"October";5;39;1;7;"Saturday";"Oct-2019";"2019-10"
20191006;"2019-10-06";2019;"Q3";10;"October";6;40;1;1;"Sunday";"Oct-2019";"2019-10"
20191007;"2019-10-07";2019;"Q3";10;"October";7;40;0;2;"Monday";"Oct-2019";"2019-10"
20191008;"2019-10-08";2019;"Q3";10;"October";8;40;0;3;"Tuesday";"Oct-2019";"2019-10"
20191009;"2019-10-09";2019;"Q3";10;"October";9;40;0;4;"Wednesday";"Oct-2019";"2019-10"
20191010;"2019-10-10";2019;"Q3";10;"October";10;40;0;5;"Thursday";"Oct-2019";"2019-10"
20191011;"2019-10-11";2019;"Q3";10;"October";11;40;0;6;"Friday";"Oct-2019";"2019-10"
20191012;"2019-10-12";2019;"Q3";10;"October";12;40;1;7;"Saturday";"Oct-2019";"2019-10"
20191013;"2019-10-13";2019;"Q3";10;"October";13;41;1;1;"Sunday";"Oct-2019";"2019-10"
20191014;"2019-10-14";2019;"Q3";10;"October";14;41;0;2;"Monday";"Oct-2019";"2019-10"
20191015;"2019-10-15";2019;"Q3";10;"October";15;41;0;3;"Tuesday";"Oct-2019";"2019-10"
20191016;"2019-10-16";2019;"Q3";10;"October";16;41;0;4;"Wednesday";"Oct-2019";"2019-10"
20191017;"2019-10-17";2019;"Q3";10;"October";17;41;0;5;"Thursday";"Oct-2019";"2019-10"
20191018;"2019-10-18";2019;"Q3";10;"October";18;41;0;6;"Friday";"Oct-2019";"2019-10"
20191019;"2019-10-19";2019;"Q3";10;"October";19;41;1;7;"Saturday";"Oct-2019";"2019-10"
20191020;"2019-10-20";2019;"Q3";10;"October";20;42;1;1;"Sunday";"Oct-2019";"2019-10"
20191021;"2019-10-21";2019;"Q3";10;"October";21;42;0;2;"Monday";"Oct-2019";"2019-10"
20191022;"2019-10-22";2019;"Q3";10;"October";22;42;0;3;"Tuesday";"Oct-2019";"2019-10"
20191023;"2019-10-23";2019;"Q3";10;"October";23;42;0;4;"Wednesday";"Oct-2019";"2019-10"
20191024;"2019-10-24";2019;"Q3";10;"October";24;42;0;5;"Thursday";"Oct-2019";"2019-10"
20191025;"2019-10-25";2019;"Q3";10;"October";25;42;0;6;"Friday";"Oct-2019";"2019-10"
20191026;"2019-10-26";2019;"Q3";10;"October";26;42;1;7;"Saturday";"Oct-2019";"2019-10"
20191027;"2019-10-27";2019;"Q3";10;"October";27;43;1;1;"Sunday";"Oct-2019";"2019-10"
20191028;"2019-10-28";2019;"Q3";10;"October";28;43;0;2;"Monday";"Oct-2019";"2019-10"
20191029;"2019-10-29";2019;"Q3";10;"October";29;43;0;3;"Tuesday";"Oct-2019";"2019-10"
20191030;"2019-10-30";2019;"Q3";10;"October";30;43;0;4;"Wednesday";"Oct-2019";"2019-10"
20191031;"2019-10-31";2019;"Q3";10;"October";31;43;0;5;"Thursday";"Oct-2019";"2019-10"
20191101;"2019-11-01";2019;"Q3";11;"November";1;43;0;6;"Friday";"Nov-2019";"2019-11"
20191102;"2019-11-02";2019;"Q3";11;"November";2;43;1;7;"Saturday";"Nov-2019";"2019-11"
20191103;"2019-11-03";2019;"Q3";11;"November";3;44;1;1;"Sunday";"Nov-2019";"2019-11"
20191104;"2019-11-04";2019;"Q3";11;"November";4;44;0;2;"Monday";"Nov-2019";"2019-11"
20191105;"2019-11-05";2019;"Q3";11;"November";5;44;0;3;"Tuesday";"Nov-2019";"2019-11"
20191106;"2019-11-06";2019;"Q3";11;"November";6;44;0;4;"Wednesday";"Nov-2019";"2019-11"
20191107;"2019-11-07";2019;"Q3";11;"November";7;44;0;5;"Thursday";"Nov-2019";"2019-11"
20191108;"2019-11-08";2019;"Q3";11;"November";8;44;0;6;"Friday";"Nov-2019";"2019-11"
20191109;"2019-11-09";2019;"Q3";11;"November";9;44;1;7;"Saturday";"Nov-2019";"2019-11"
20191110;"2019-11-10";2019;"Q3";11;"November";10;45;1;1;"Sunday";"Nov-2019";"2019-11"
20191111;"2019-11-11";2019;"Q3";11;"November";11;45;0;2;"Monday";"Nov-2019";"2019-11"
20191112;"2019-11-12";2019;"Q3";11;"November";12;45;0;3;"Tuesday";"Nov-2019";"2019-11"
20191113;"2019-11-13";2019;"Q3";11;"November";13;45;0;4;"Wednesday";"Nov-2019";"2019-11"
20191114;"2019-11-14";2019;"Q3";11;"November";14;45;0;5;"Thursday";"Nov-2019";"2019-11"
20191115;"2019-11-15";2019;"Q3";11;"November";15;45;0;6;"Friday";"Nov-2019";"2019-11"
20191116;"2019-11-16";2019;"Q3";11;"November";16;45;1;7;"Saturday";"Nov-2019";"2019-11"
20191117;"2019-11-17";2019;"Q3";11;"November";17;46;1;1;"Sunday";"Nov-2019";"2019-11"
20191118;"2019-11-18";2019;"Q3";11;"November";18;46;0;2;"Monday";"Nov-2019";"2019-11"
20191119;"2019-11-19";2019;"Q3";11;"November";19;46;0;3;"Tuesday";"Nov-2019";"2019-11"
20191120;"2019-11-20";2019;"Q3";11;"November";20;46;0;4;"Wednesday";"Nov-2019";"2019-11"
20191121;"2019-11-21";2019;"Q3";11;"November";21;46;0;5;"Thursday";"Nov-2019";"2019-11"
20191122;"2019-11-22";2019;"Q3";11;"November";22;46;0;6;"Friday";"Nov-2019";"2019-11"
20191123;"2019-11-23";2019;"Q3";11;"November";23;46;1;7;"Saturday";"Nov-2019";"2019-11"
20191124;"2019-11-24";2019;"Q3";11;"November";24;47;1;1;"Sunday";"Nov-2019";"2019-11"
20191125;"2019-11-25";2019;"Q3";11;"November";25;47;0;2;"Monday";"Nov-2019";"2019-11"
20191126;"2019-11-26";2019;"Q3";11;"November";26;47;0;3;"Tuesday";"Nov-2019";"2019-11"
20191127;"2019-11-27";2019;"Q3";11;"November";27;47;0;4;"Wednesday";"Nov-2019";"2019-11"
20191128;"2019-11-28";2019;"Q3";11;"November";28;47;0;5;"Thursday";"Nov-2019";"2019-11"
20191129;"2019-11-29";2019;"Q3";11;"November";29;47;0;6;"Friday";"Nov-2019";"2019-11"
20191130;"2019-11-30";2019;"Q3";11;"November";30;47;1;7;"Saturday";"Nov-2019";"2019-11"
20191201;"2019-12-01";2019;"Q3";12;"December";1;48;1;1;"Sunday";"Dec-2019";"2019-12"
20191202;"2019-12-02";2019;"Q3";12;"December";2;48;0;2;"Monday";"Dec-2019";"2019-12"
20191203;"2019-12-03";2019;"Q3";12;"December";3;48;0;3;"Tuesday";"Dec-2019";"2019-12"
20191204;"2019-12-04";2019;"Q3";12;"December";4;48;0;4;"Wednesday";"Dec-2019";"2019-12"
20191205;"2019-12-05";2019;"Q3";12;"December";5;48;0;5;"Thursday";"Dec-2019";"2019-12"
20191206;"2019-12-06";2019;"Q3";12;"December";6;48;0;6;"Friday";"Dec-2019";"2019-12"
20191207;"2019-12-07";2019;"Q3";12;"December";7;48;1;7;"Saturday";"Dec-2019";"2019-12"
20191208;"2019-12-08";2019;"Q3";12;"December";8;49;1;1;"Sunday";"Dec-2019";"2019-12"
20191209;"2019-12-09";2019;"Q3";12;"December";9;49;0;2;"Monday";"Dec-2019";"2019-12"
20191210;"2019-12-10";2019;"Q3";12;"December";10;49;0;3;"Tuesday";"Dec-2019";"2019-12"
20191211;"2019-12-11";2019;"Q3";12;"December";11;49;0;4;"Wednesday";"Dec-2019";"2019-12"
20191212;"2019-12-12";2019;"Q3";12;"December";12;49;0;5;"Thursday";"Dec-2019";"2019-12"
20191213;"2019-12-13";2019;"Q3";12;"December";13;49;0;6;"Friday";"Dec-2019";"2019-12"
20191214;"2019-12-14";2019;"Q3";12;"December";14;49;1;7;"Saturday";"Dec-2019";"2019-12"
20191215;"2019-12-15";2019;"Q3";12;"December";15;50;1;1;"Sunday";"Dec-2019";"2019-12"
20191216;"2019-12-16";2019;"Q3";12;"December";16;50;0;2;"Monday";"Dec-2019";"2019-12"
20191217;"2019-12-17";2019;"Q3";12;"December";17;50;0;3;"Tuesday";"Dec-2019";"2019-12"
20191218;"2019-12-18";2019;"Q3";12;"December";18;50;0;4;"Wednesday";"Dec-2019";"2019-12"
20191219;"2019-12-19";2019;"Q3";12;"December";19;50;0;5;"Thursday";"Dec-2019";"2019-12"
20191220;"2019-12-20";2019;"Q3";12;"December";20;50;0;6;"Friday";"Dec-2019";"2019-12"
20191221;"2019-12-21";2019;"Q3";12;"December";21;50;1;7;"Saturday";"Dec-2019";"2019-12"
20191222;"2019-12-22";2019;"Q3";12;"December";22;51;1;1;"Sunday";"Dec-2019";"2019-12"
20191223;"2019-12-23";2019;"Q3";12;"December";23;51;0;2;"Monday";"Dec-2019";"2019-12"
20191224;"2019-12-24";2019;"Q3";12;"December";24;51;0;3;"Tuesday";"Dec-2019";"2019-12"
20191225;"2019-12-25";2019;"Q3";12;"December";25;51;0;4;"Wednesday";"Dec-2019";"2019-12"
20191226;"2019-12-26";2019;"Q3";12;"December";26;51;0;5;"Thursday";"Dec-2019";"2019-12"
20191227;"2019-12-27";2019;"Q3";12;"December";27;51;0;6;"Friday";"Dec-2019";"2019-12"
20191228;"2019-12-28";2019;"Q3";12;"December";28;51;1;7;"Saturday";"Dec-2019";"2019-12"
20191229;"2019-12-29";2019;"Q3";12;"December";29;52;1;1;"Sunday";"Dec-2019";"2019-12"
20191230;"2019-12-30";2019;"Q3";12;"December";30;52;0;2;"Monday";"Dec-2019";"2019-12"
20191231;"2019-12-31";2019;"Q3";12;"December";31;52;0;3;"Tuesday";"Dec-2019";"2019-12"
20200101;"2020-01-01";2020;"Q4";1;"January";1;0;0;4;"Wednesday";"Jan-2020";"2020-01"
20200102;"2020-01-02";2020;"Q4";1;"January";2;0;0;5;"Thursday";"Jan-2020";"2020-01"
20200103;"2020-01-03";2020;"Q4";1;"January";3;0;0;6;"Friday";"Jan-2020";"2020-01"
20200104;"2020-01-04";2020;"Q4";1;"January";4;0;1;7;"Saturday";"Jan-2020";"2020-01"
20200105;"2020-01-05";2020;"Q4";1;"January";5;1;1;1;"Sunday";"Jan-2020";"2020-01"
20200106;"2020-01-06";2020;"Q4";1;"January";6;1;0;2;"Monday";"Jan-2020";"2020-01"
20200107;"2020-01-07";2020;"Q4";1;"January";7;1;0;3;"Tuesday";"Jan-2020";"2020-01"
20200108;"2020-01-08";2020;"Q4";1;"January";8;1;0;4;"Wednesday";"Jan-2020";"2020-01"
20200109;"2020-01-09";2020;"Q4";1;"January";9;1;0;5;"Thursday";"Jan-2020";"2020-01"
20200110;"2020-01-10";2020;"Q4";1;"January";10;1;0;6;"Friday";"Jan-2020";"2020-01"
20200111;"2020-01-11";2020;"Q4";1;"January";11;1;1;7;"Saturday";"Jan-2020";"2020-01"
20200112;"2020-01-12";2020;"Q4";1;"January";12;2;1;1;"Sunday";"Jan-2020";"2020-01"
20200113;"2020-01-13";2020;"Q4";1;"January";13;2;0;2;"Monday";"Jan-2020";"2020-01"
20200114;"2020-01-14";2020;"Q4";1;"January";14;2;0;3;"Tuesday";"Jan-2020";"2020-01"
20200115;"2020-01-15";2020;"Q4";1;"January";15;2;0;4;"Wednesday";"Jan-2020";"2020-01"
20200116;"2020-01-16";2020;"Q4";1;"January";16;2;0;5;"Thursday";"Jan-2020";"2020-01"
20200117;"2020-01-17";2020;"Q4";1;"January";17;2;0;6;"Friday";"Jan-2020";"2020-01"
20200118;"2020-01-18";2020;"Q4";1;"January";18;2;1;7;"Saturday";"Jan-2020";"2020-01"
20200119;"2020-01-19";2020;"Q4";1;"January";19;3;1;1;"Sunday";"Jan-2020";"2020-01"
20200120;"2020-01-20";2020;"Q4";1;"January";20;3;0;2;"Monday";"Jan-2020";"2020-01"
20200121;"2020-01-21";2020;"Q4";1;"January";21;3;0;3;"Tuesday";"Jan-2020";"2020-01"
20200122;"2020-01-22";2020;"Q4";1;"January";22;3;0;4;"Wednesday";"Jan-2020";"2020-01"
20200123;"2020-01-23";2020;"Q4";1;"January";23;3;0;5;"Thursday";"Jan-2020";"2020-01"
20200124;"2020-01-24";2020;"Q4";1;"January";24;3;0;6;"Friday";"Jan-2020";"2020-01"
20200125;"2020-01-25";2020;"Q4";1;"January";25;3;1;7;"Saturday";"Jan-2020";"2020-01"
20200126;"2020-01-26";2020;"Q4";1;"January";26;4;1;1;"Sunday";"Jan-2020";"2020-01"
20200127;"2020-01-27";2020;"Q4";1;"January";27;4;0;2;"Monday";"Jan-2020";"2020-01"
20200128;"2020-01-28";2020;"Q4";1;"January";28;4;0;3;"Tuesday";"Jan-2020";"2020-01"
20200129;"2020-01-29";2020;"Q4";1;"January";29;4;0;4;"Wednesday";"Jan-2020";"2020-01"
20200130;"2020-01-30";2020;"Q4";1;"January";30;4;0;5;"Thursday";"Jan-2020";"2020-01"
20200131;"2020-01-31";2020;"Q4";1;"January";31;4;0;6;"Friday";"Jan-2020";"2020-01"
20200201;"2020-02-01";2020;"Q4";2;"February";1;4;1;7;"Saturday";"Feb-2020";"2020-02"
20200202;"2020-02-02";2020;"Q4";2;"February";2;5;1;1;"Sunday";"Feb-2020";"2020-02"
20200203;"2020-02-03";2020;"Q4";2;"February";3;5;0;2;"Monday";"Feb-2020";"2020-02"
20200204;"2020-02-04";2020;"Q4";2;"February";4;5;0;3;"Tuesday";"Feb-2020";"2020-02"
20200205;"2020-02-05";2020;"Q4";2;"February";5;5;0;4;"Wednesday";"Feb-2020";"2020-02"
20200206;"2020-02-06";2020;"Q4";2;"February";6;5;0;5;"Thursday";"Feb-2020";"2020-02"
20200207;"2020-02-07";2020;"Q4";2;"February";7;5;0;6;"Friday";"Feb-2020";"2020-02"
20200208;"2020-02-08";2020;"Q4";2;"February";8;5;1;7;"Saturday";"Feb-2020";"2020-02"
20200209;"2020-02-09";2020;"Q4";2;"February";9;6;1;1;"Sunday";"Feb-2020";"2020-02"
20200210;"2020-02-10";2020;"Q4";2;"February";10;6;0;2;"Monday";"Feb-2020";"2020-02"
20200211;"2020-02-11";2020;"Q4";2;"February";11;6;0;3;"Tuesday";"Feb-2020";"2020-02"
20200212;"2020-02-12";2020;"Q4";2;"February";12;6;0;4;"Wednesday";"Feb-2020";"2020-02"
20200213;"2020-02-13";2020;"Q4";2;"February";13;6;0;5;"Thursday";"Feb-2020";"2020-02"
20200214;"2020-02-14";2020;"Q4";2;"February";14;6;0;6;"Friday";"Feb-2020";"2020-02"
20200215;"2020-02-15";2020;"Q4";2;"February";15;6;1;7;"Saturday";"Feb-2020";"2020-02"
20200216;"2020-02-16";2020;"Q4";2;"February";16;7;1;1;"Sunday";"Feb-2020";"2020-02"
20200217;"2020-02-17";2020;"Q4";2;"February";17;7;0;2;"Monday";"Feb-2020";"2020-02"
20200218;"2020-02-18";2020;"Q4";2;"February";18;7;0;3;"Tuesday";"Feb-2020";"2020-02"
20200219;"2020-02-19";2020;"Q4";2;"February";19;7;0;4;"Wednesday";"Feb-2020";"2020-02"
20200220;"2020-02-20";2020;"Q4";2;"February";20;7;0;5;"Thursday";"Feb-2020";"2020-02"
20200221;"2020-02-21";2020;"Q4";2;"February";21;7;0;6;"Friday";"Feb-2020";"2020-02"
20200222;"2020-02-22";2020;"Q4";2;"February";22;7;1;7;"Saturday";"Feb-2020";"2020-02"
20200223;"2020-02-23";2020;"Q4";2;"February";23;8;1;1;"Sunday";"Feb-2020";"2020-02"
20200224;"2020-02-24";2020;"Q4";2;"February";24;8;0;2;"Monday";"Feb-2020";"2020-02"
20200225;"2020-02-25";2020;"Q4";2;"February";25;8;0;3;"Tuesday";"Feb-2020";"2020-02"
20200226;"2020-02-26";2020;"Q4";2;"February";26;8;0;4;"Wednesday";"Feb-2020";"2020-02"
20200227;"2020-02-27";2020;"Q4";2;"February";27;8;0;5;"Thursday";"Feb-2020";"2020-02"
20200228;"2020-02-28";2020;"Q4";2;"February";28;8;0;6;"Friday";"Feb-2020";"2020-02"
20200229;"2020-02-29";2020;"Q4";2;"February";29;8;1;7;"Saturday";"Feb-2020";"2020-02"
20200301;"2020-03-01";2020;"Q4";3;"March";1;9;1;1;"Sunday";"Mar-2020";"2020-03"
20200302;"2020-03-02";2020;"Q4";3;"March";2;9;0;2;"Monday";"Mar-2020";"2020-03"
20200303;"2020-03-03";2020;"Q4";3;"March";3;9;0;3;"Tuesday";"Mar-2020";"2020-03"
20200304;"2020-03-04";2020;"Q4";3;"March";4;9;0;4;"Wednesday";"Mar-2020";"2020-03"
20200305;"2020-03-05";2020;"Q4";3;"March";5;9;0;5;"Thursday";"Mar-2020";"2020-03"
20200306;"2020-03-06";2020;"Q4";3;"March";6;9;0;6;"Friday";"Mar-2020";"2020-03"
20200307;"2020-03-07";2020;"Q4";3;"March";7;9;1;7;"Saturday";"Mar-2020";"2020-03"
20200308;"2020-03-08";2020;"Q4";3;"March";8;10;1;1;"Sunday";"Mar-2020";"2020-03"
20200309;"2020-03-09";2020;"Q4";3;"March";9;10;0;2;"Monday";"Mar-2020";"2020-03"
20200310;"2020-03-10";2020;"Q4";3;"March";10;10;0;3;"Tuesday";"Mar-2020";"2020-03"
20200311;"2020-03-11";2020;"Q4";3;"March";11;10;0;4;"Wednesday";"Mar-2020";"2020-03"
20200312;"2020-03-12";2020;"Q4";3;"March";12;10;0;5;"Thursday";"Mar-2020";"2020-03"
20200313;"2020-03-13";2020;"Q4";3;"March";13;10;0;6;"Friday";"Mar-2020";"2020-03"
20200314;"2020-03-14";2020;"Q4";3;"March";14;10;1;7;"Saturday";"Mar-2020";"2020-03"
20200315;"2020-03-15";2020;"Q4";3;"March";15;11;1;1;"Sunday";"Mar-2020";"2020-03"
20200316;"2020-03-16";2020;"Q4";3;"March";16;11;0;2;"Monday";"Mar-2020";"2020-03"
20200317;"2020-03-17";2020;"Q4";3;"March";17;11;0;3;"Tuesday";"Mar-2020";"2020-03"
20200318;"2020-03-18";2020;"Q4";3;"March";18;11;0;4;"Wednesday";"Mar-2020";"2020-03"
20200319;"2020-03-19";2020;"Q4";3;"March";19;11;0;5;"Thursday";"Mar-2020";"2020-03"
20200320;"2020-03-20";2020;"Q4";3;"March";20;11;0;6;"Friday";"Mar-2020";"2020-03"
20200321;"2020-03-21";2020;"Q4";3;"March";21;11;1;7;"Saturday";"Mar-2020";"2020-03"
20200322;"2020-03-22";2020;"Q4";3;"March";22;12;1;1;"Sunday";"Mar-2020";"2020-03"
20200323;"2020-03-23";2020;"Q4";3;"March";23;12;0;2;"Monday";"Mar-2020";"2020-03"
20200324;"2020-03-24";2020;"Q4";3;"March";24;12;0;3;"Tuesday";"Mar-2020";"2020-03"
20200325;"2020-03-25";2020;"Q4";3;"March";25;12;0;4;"Wednesday";"Mar-2020";"2020-03"
20200326;"2020-03-26";2020;"Q4";3;"March";26;12;0;5;"Thursday";"Mar-2020";"2020-03"
20200327;"2020-03-27";2020;"Q4";3;"March";27;12;0;6;"Friday";"Mar-2020";"2020-03"
20200328;"2020-03-28";2020;"Q4";3;"March";28;12;1;7;"Saturday";"Mar-2020";"2020-03"
20200329;"2020-03-29";2020;"Q4";3;"March";29;13;1;1;"Sunday";"Mar-2020";"2020-03"
20200330;"2020-03-30";2020;"Q4";3;"March";30;13;0;2;"Monday";"Mar-2020";"2020-03"
20200331;"2020-03-31";2020;"Q4";3;"March";31;13;0;3;"Tuesday";"Mar-2020";"2020-03"
20200401;"2020-04-01";2020;"Q1";4;"April";1;13;0;4;"Wednesday";"Apr-2020";"2020-04"
20200402;"2020-04-02";2020;"Q1";4;"April";2;13;0;5;"Thursday";"Apr-2020";"2020-04"
20200403;"2020-04-03";2020;"Q1";4;"April";3;13;0;6;"Friday";"Apr-2020";"2020-04"
20200404;"2020-04-04";2020;"Q1";4;"April";4;13;1;7;"Saturday";"Apr-2020";"2020-04"
20200405;"2020-04-05";2020;"Q1";4;"April";5;14;1;1;"Sunday";"Apr-2020";"2020-04"
20200406;"2020-04-06";2020;"Q1";4;"April";6;14;0;2;"Monday";"Apr-2020";"2020-04"
20200407;"2020-04-07";2020;"Q1";4;"April";7;14;0;3;"Tuesday";"Apr-2020";"2020-04"
20200408;"2020-04-08";2020;"Q1";4;"April";8;14;0;4;"Wednesday";"Apr-2020";"2020-04"
20200409;"2020-04-09";2020;"Q1";4;"April";9;14;0;5;"Thursday";"Apr-2020";"2020-04"
20200410;"2020-04-10";2020;"Q1";4;"April";10;14;0;6;"Friday";"Apr-2020";"2020-04"
20200411;"2020-04-11";2020;"Q1";4;"April";11;14;1;7;"Saturday";"Apr-2020";"2020-04"
20200412;"2020-04-12";2020;"Q1";4;"April";12;15;1;1;"Sunday";"Apr-2020";"2020-04"
20200413;"2020-04-13";2020;"Q1";4;"April";13;15;0;2;"Monday";"Apr-2020";"2020-04"
20200414;"2020-04-14";2020;"Q1";4;"April";14;15;0;3;"Tuesday";"Apr-2020";"2020-04"
20200415;"2020-04-15";2020;"Q1";4;"April";15;15;0;4;"Wednesday";"Apr-2020";"2020-04"
20200416;"2020-04-16";2020;"Q1";4;"April";16;15;0;5;"Thursday";"Apr-2020";"2020-04"
20200417;"2020-04-17";2020;"Q1";4;"April";17;15;0;6;"Friday";"Apr-2020";"2020-04"
20200418;"2020-04-18";2020;"Q1";4;"April";18;15;1;7;"Saturday";"Apr-2020";"2020-04"
20200419;"2020-04-19";2020;"Q1";4;"April";19;16;1;1;"Sunday";"Apr-2020";"2020-04"
20200420;"2020-04-20";2020;"Q1";4;"April";20;16;0;2;"Monday";"Apr-2020";"2020-04"
20200421;"2020-04-21";2020;"Q1";4;"April";21;16;0;3;"Tuesday";"Apr-2020";"2020-04"
20200422;"2020-04-22";2020;"Q1";4;"April";22;16;0;4;"Wednesday";"Apr-2020";"2020-04"
20200423;"2020-04-23";2020;"Q1";4;"April";23;16;0;5;"Thursday";"Apr-2020";"2020-04"
20200424;"2020-04-24";2020;"Q1";4;"April";24;16;0;6;"Friday";"Apr-2020";"2020-04"
20200425;"2020-04-25";2020;"Q1";4;"April";25;16;1;7;"Saturday";"Apr-2020";"2020-04"
20200426;"2020-04-26";2020;"Q1";4;"April";26;17;1;1;"Sunday";"Apr-2020";"2020-04"
20200427;"2020-04-27";2020;"Q1";4;"April";27;17;0;2;"Monday";"Apr-2020";"2020-04"
20200428;"2020-04-28";2020;"Q1";4;"April";28;17;0;3;"Tuesday";"Apr-2020";"2020-04"
20200429;"2020-04-29";2020;"Q1";4;"April";29;17;0;4;"Wednesday";"Apr-2020";"2020-04"
20200430;"2020-04-30";2020;"Q1";4;"April";30;17;0;5;"Thursday";"Apr-2020";"2020-04"
20200501;"2020-05-01";2020;"Q1";5;"May";1;17;0;6;"Friday";"May-2020";"2020-05"
20200502;"2020-05-02";2020;"Q1";5;"May";2;17;1;7;"Saturday";"May-2020";"2020-05"
20200503;"2020-05-03";2020;"Q1";5;"May";3;18;1;1;"Sunday";"May-2020";"2020-05"
20200504;"2020-05-04";2020;"Q1";5;"May";4;18;0;2;"Monday";"May-2020";"2020-05"
20200505;"2020-05-05";2020;"Q1";5;"May";5;18;0;3;"Tuesday";"May-2020";"2020-05"
20200506;"2020-05-06";2020;"Q1";5;"May";6;18;0;4;"Wednesday";"May-2020";"2020-05"
20200507;"2020-05-07";2020;"Q1";5;"May";7;18;0;5;"Thursday";"May-2020";"2020-05"
20200508;"2020-05-08";2020;"Q1";5;"May";8;18;0;6;"Friday";"May-2020";"2020-05"
20200509;"2020-05-09";2020;"Q1";5;"May";9;18;1;7;"Saturday";"May-2020";"2020-05"
20200510;"2020-05-10";2020;"Q1";5;"May";10;19;1;1;"Sunday";"May-2020";"2020-05"
20200511;"2020-05-11";2020;"Q1";5;"May";11;19;0;2;"Monday";"May-2020";"2020-05"
20200512;"2020-05-12";2020;"Q1";5;"May";12;19;0;3;"Tuesday";"May-2020";"2020-05"
20200513;"2020-05-13";2020;"Q1";5;"May";13;19;0;4;"Wednesday";"May-2020";"2020-05"
20200514;"2020-05-14";2020;"Q1";5;"May";14;19;0;5;"Thursday";"May-2020";"2020-05"
20200515;"2020-05-15";2020;"Q1";5;"May";15;19;0;6;"Friday";"May-2020";"2020-05"
20200516;"2020-05-16";2020;"Q1";5;"May";16;19;1;7;"Saturday";"May-2020";"2020-05"
20200517;"2020-05-17";2020;"Q1";5;"May";17;20;1;1;"Sunday";"May-2020";"2020-05"
20200518;"2020-05-18";2020;"Q1";5;"May";18;20;0;2;"Monday";"May-2020";"2020-05"
20200519;"2020-05-19";2020;"Q1";5;"May";19;20;0;3;"Tuesday";"May-2020";"2020-05"
20200520;"2020-05-20";2020;"Q1";5;"May";20;20;0;4;"Wednesday";"May-2020";"2020-05"
20200521;"2020-05-21";2020;"Q1";5;"May";21;20;0;5;"Thursday";"May-2020";"2020-05"
20200522;"2020-05-22";2020;"Q1";5;"May";22;20;0;6;"Friday";"May-2020";"2020-05"
20200523;"2020-05-23";2020;"Q1";5;"May";23;20;1;7;"Saturday";"May-2020";"2020-05"
20200524;"2020-05-24";2020;"Q1";5;"May";24;21;1;1;"Sunday";"May-2020";"2020-05"
20200525;"2020-05-25";2020;"Q1";5;"May";25;21;0;2;"Monday";"May-2020";"2020-05"
20200526;"2020-05-26";2020;"Q1";5;"May";26;21;0;3;"Tuesday";"May-2020";"2020-05"
20200527;"2020-05-27";2020;"Q1";5;"May";27;21;0;4;"Wednesday";"May-2020";"2020-05"
20200528;"2020-05-28";2020;"Q1";5;"May";28;21;0;5;"Thursday";"May-2020";"2020-05"
20200529;"2020-05-29";2020;"Q1";5;"May";29;21;0;6;"Friday";"May-2020";"2020-05"
20200530;"2020-05-30";2020;"Q1";5;"May";30;21;1;7;"Saturday";"May-2020";"2020-05"
20200531;"2020-05-31";2020;"Q1";5;"May";31;22;1;1;"Sunday";"May-2020";"2020-05"
20200601;"2020-06-01";2020;"Q1";6;"June";1;22;0;2;"Monday";"Jun-2020";"2020-06"
20200602;"2020-06-02";2020;"Q1";6;"June";2;22;0;3;"Tuesday";"Jun-2020";"2020-06"
20200603;"2020-06-03";2020;"Q1";6;"June";3;22;0;4;"Wednesday";"Jun-2020";"2020-06"
20200604;"2020-06-04";2020;"Q1";6;"June";4;22;0;5;"Thursday";"Jun-2020";"2020-06"
20200605;"2020-06-05";2020;"Q1";6;"June";5;22;0;6;"Friday";"Jun-2020";"2020-06"
20200606;"2020-06-06";2020;"Q1";6;"June";6;22;1;7;"Saturday";"Jun-2020";"2020-06"
20200607;"2020-06-07";2020;"Q1";6;"June";7;23;1;1;"Sunday";"Jun-2020";"2020-06"
20200608;"2020-06-08";2020;"Q1";6;"June";8;23;0;2;"Monday";"Jun-2020";"2020-06"
20200609;"2020-06-09";2020;"Q1";6;"June";9;23;0;3;"Tuesday";"Jun-2020";"2020-06"
20200610;"2020-06-10";2020;"Q1";6;"June";10;23;0;4;"Wednesday";"Jun-2020";"2020-06"
20200611;"2020-06-11";2020;"Q1";6;"June";11;23;0;5;"Thursday";"Jun-2020";"2020-06"
20200612;"2020-06-12";2020;"Q1";6;"June";12;23;0;6;"Friday";"Jun-2020";"2020-06"
20200613;"2020-06-13";2020;"Q1";6;"June";13;23;1;7;"Saturday";"Jun-2020";"2020-06"
20200614;"2020-06-14";2020;"Q1";6;"June";14;24;1;1;"Sunday";"Jun-2020";"2020-06"
20200615;"2020-06-15";2020;"Q1";6;"June";15;24;0;2;"Monday";"Jun-2020";"2020-06"
20200616;"2020-06-16";2020;"Q1";6;"June";16;24;0;3;"Tuesday";"Jun-2020";"2020-06"
20200617;"2020-06-17";2020;"Q1";6;"June";17;24;0;4;"Wednesday";"Jun-2020";"2020-06"
20200618;"2020-06-18";2020;"Q1";6;"June";18;24;0;5;"Thursday";"Jun-2020";"2020-06"
20200619;"2020-06-19";2020;"Q1";6;"June";19;24;0;6;"Friday";"Jun-2020";"2020-06"
20200620;"2020-06-20";2020;"Q1";6;"June";20;24;1;7;"Saturday";"Jun-2020";"2020-06"
20200621;"2020-06-21";2020;"Q1";6;"June";21;25;1;1;"Sunday";"Jun-2020";"2020-06"
20200622;"2020-06-22";2020;"Q1";6;"June";22;25;0;2;"Monday";"Jun-2020";"2020-06"
20200623;"2020-06-23";2020;"Q1";6;"June";23;25;0;3;"Tuesday";"Jun-2020";"2020-06"
20200624;"2020-06-24";2020;"Q1";6;"June";24;25;0;4;"Wednesday";"Jun-2020";"2020-06"
20200625;"2020-06-25";2020;"Q1";6;"June";25;25;0;5;"Thursday";"Jun-2020";"2020-06"
20200626;"2020-06-26";2020;"Q1";6;"June";26;25;0;6;"Friday";"Jun-2020";"2020-06"
20200627;"2020-06-27";2020;"Q1";6;"June";27;25;1;7;"Saturday";"Jun-2020";"2020-06"
20200628;"2020-06-28";2020;"Q1";6;"June";28;26;1;1;"Sunday";"Jun-2020";"2020-06"
20200629;"2020-06-29";2020;"Q1";6;"June";29;26;0;2;"Monday";"Jun-2020";"2020-06"
20200630;"2020-06-30";2020;"Q1";6;"June";30;26;0;3;"Tuesday";"Jun-2020";"2020-06"
20200701;"2020-07-01";2020;"Q2";7;"July";1;26;0;4;"Wednesday";"Jul-2020";"2020-07"
20200702;"2020-07-02";2020;"Q2";7;"July";2;26;0;5;"Thursday";"Jul-2020";"2020-07"
20200703;"2020-07-03";2020;"Q2";7;"July";3;26;0;6;"Friday";"Jul-2020";"2020-07"
20200704;"2020-07-04";2020;"Q2";7;"July";4;26;1;7;"Saturday";"Jul-2020";"2020-07"
20200705;"2020-07-05";2020;"Q2";7;"July";5;27;1;1;"Sunday";"Jul-2020";"2020-07"
20200706;"2020-07-06";2020;"Q2";7;"July";6;27;0;2;"Monday";"Jul-2020";"2020-07"
20200707;"2020-07-07";2020;"Q2";7;"July";7;27;0;3;"Tuesday";"Jul-2020";"2020-07"
20200708;"2020-07-08";2020;"Q2";7;"July";8;27;0;4;"Wednesday";"Jul-2020";"2020-07"
20200709;"2020-07-09";2020;"Q2";7;"July";9;27;0;5;"Thursday";"Jul-2020";"2020-07"
20200710;"2020-07-10";2020;"Q2";7;"July";10;27;0;6;"Friday";"Jul-2020";"2020-07"
20200711;"2020-07-11";2020;"Q2";7;"July";11;27;1;7;"Saturday";"Jul-2020";"2020-07"
20200712;"2020-07-12";2020;"Q2";7;"July";12;28;1;1;"Sunday";"Jul-2020";"2020-07"
20200713;"2020-07-13";2020;"Q2";7;"July";13;28;0;2;"Monday";"Jul-2020";"2020-07"
20200714;"2020-07-14";2020;"Q2";7;"July";14;28;0;3;"Tuesday";"Jul-2020";"2020-07"
20200715;"2020-07-15";2020;"Q2";7;"July";15;28;0;4;"Wednesday";"Jul-2020";"2020-07"
20200716;"2020-07-16";2020;"Q2";7;"July";16;28;0;5;"Thursday";"Jul-2020";"2020-07"
20200717;"2020-07-17";2020;"Q2";7;"July";17;28;0;6;"Friday";"Jul-2020";"2020-07"
20200718;"2020-07-18";2020;"Q2";7;"July";18;28;1;7;"Saturday";"Jul-2020";"2020-07"
20200719;"2020-07-19";2020;"Q2";7;"July";19;29;1;1;"Sunday";"Jul-2020";"2020-07"
20200720;"2020-07-20";2020;"Q2";7;"July";20;29;0;2;"Monday";"Jul-2020";"2020-07"
20200721;"2020-07-21";2020;"Q2";7;"July";21;29;0;3;"Tuesday";"Jul-2020";"2020-07"
20200722;"2020-07-22";2020;"Q2";7;"July";22;29;0;4;"Wednesday";"Jul-2020";"2020-07"
20200723;"2020-07-23";2020;"Q2";7;"July";23;29;0;5;"Thursday";"Jul-2020";"2020-07"
20200724;"2020-07-24";2020;"Q2";7;"July";24;29;0;6;"Friday";"Jul-2020";"2020-07"
20200725;"2020-07-25";2020;"Q2";7;"July";25;29;1;7;"Saturday";"Jul-2020";"2020-07"
20200726;"2020-07-26";2020;"Q2";7;"July";26;30;1;1;"Sunday";"Jul-2020";"2020-07"
20200727;"2020-07-27";2020;"Q2";7;"July";27;30;0;2;"Monday";"Jul-2020";"2020-07"
20200728;"2020-07-28";2020;"Q2";7;"July";28;30;0;3;"Tuesday";"Jul-2020";"2020-07"
20200729;"2020-07-29";2020;"Q2";7;"July";29;30;0;4;"Wednesday";"Jul-2020";"2020-07"
20200730;"2020-07-30";2020;"Q2";7;"July";30;30;0;5;"Thursday";"Jul-2020";"2020-07"
20200731;"2020-07-31";2020;"Q2";7;"July";31;30;0;6;"Friday";"Jul-2020";"2020-07"
20200801;"2020-08-01";2020;"Q2";8;"August";1;30;1;7;"Saturday";"Aug-2020";"2020-08"
20200802;"2020-08-02";2020;"Q2";8;"August";2;31;1;1;"Sunday";"Aug-2020";"2020-08"
20200803;"2020-08-03";2020;"Q2";8;"August";3;31;0;2;"Monday";"Aug-2020";"2020-08"
20200804;"2020-08-04";2020;"Q2";8;"August";4;31;0;3;"Tuesday";"Aug-2020";"2020-08"
20200805;"2020-08-05";2020;"Q2";8;"August";5;31;0;4;"Wednesday";"Aug-2020";"2020-08"
20200806;"2020-08-06";2020;"Q2";8;"August";6;31;0;5;"Thursday";"Aug-2020";"2020-08"
20200807;"2020-08-07";2020;"Q2";8;"August";7;31;0;6;"Friday";"Aug-2020";"2020-08"
20200808;"2020-08-08";2020;"Q2";8;"August";8;31;1;7;"Saturday";"Aug-2020";"2020-08"
20200809;"2020-08-09";2020;"Q2";8;"August";9;32;1;1;"Sunday";"Aug-2020";"2020-08"
20200810;"2020-08-10";2020;"Q2";8;"August";10;32;0;2;"Monday";"Aug-2020";"2020-08"
20200811;"2020-08-11";2020;"Q2";8;"August";11;32;0;3;"Tuesday";"Aug-2020";"2020-08"
20200812;"2020-08-12";2020;"Q2";8;"August";12;32;0;4;"Wednesday";"Aug-2020";"2020-08"
20200813;"2020-08-13";2020;"Q2";8;"August";13;32;0;5;"Thursday";"Aug-2020";"2020-08"
20200814;"2020-08-14";2020;"Q2";8;"August";14;32;0;6;"Friday";"Aug-2020";"2020-08"
20200815;"2020-08-15";2020;"Q2";8;"August";15;32;1;7;"Saturday";"Aug-2020";"2020-08"
20200816;"2020-08-16";2020;"Q2";8;"August";16;33;1;1;"Sunday";"Aug-2020";"2020-08"
20200817;"2020-08-17";2020;"Q2";8;"August";17;33;0;2;"Monday";"Aug-2020";"2020-08"
20200818;"2020-08-18";2020;"Q2";8;"August";18;33;0;3;"Tuesday";"Aug-2020";"2020-08"
20200819;"2020-08-19";2020;"Q2";8;"August";19;33;0;4;"Wednesday";"Aug-2020";"2020-08"
20200820;"2020-08-20";2020;"Q2";8;"August";20;33;0;5;"Thursday";"Aug-2020";"2020-08"
20200821;"2020-08-21";2020;"Q2";8;"August";21;33;0;6;"Friday";"Aug-2020";"2020-08"
20200822;"2020-08-22";2020;"Q2";8;"August";22;33;1;7;"Saturday";"Aug-2020";"2020-08"
20200823;"2020-08-23";2020;"Q2";8;"August";23;34;1;1;"Sunday";"Aug-2020";"2020-08"
20200824;"2020-08-24";2020;"Q2";8;"August";24;34;0;2;"Monday";"Aug-2020";"2020-08"
20200825;"2020-08-25";2020;"Q2";8;"August";25;34;0;3;"Tuesday";"Aug-2020";"2020-08"
20200826;"2020-08-26";2020;"Q2";8;"August";26;34;0;4;"Wednesday";"Aug-2020";"2020-08"
20200827;"2020-08-27";2020;"Q2";8;"August";27;34;0;5;"Thursday";"Aug-2020";"2020-08"
20200828;"2020-08-28";2020;"Q2";8;"August";28;34;0;6;"Friday";"Aug-2020";"2020-08"
20200829;"2020-08-29";2020;"Q2";8;"August";29;34;1;7;"Saturday";"Aug-2020";"2020-08"
20200830;"2020-08-30";2020;"Q2";8;"August";30;35;1;1;"Sunday";"Aug-2020";"2020-08"
20200831;"2020-08-31";2020;"Q2";8;"August";31;35;0;2;"Monday";"Aug-2020";"2020-08"
20200901;"2020-09-01";2020;"Q2";9;"September";1;35;0;3;"Tuesday";"Sep-2020";"2020-09"
20200902;"2020-09-02";2020;"Q2";9;"September";2;35;0;4;"Wednesday";"Sep-2020";"2020-09"
20200903;"2020-09-03";2020;"Q2";9;"September";3;35;0;5;"Thursday";"Sep-2020";"2020-09"
20200904;"2020-09-04";2020;"Q2";9;"September";4;35;0;6;"Friday";"Sep-2020";"2020-09"
20200905;"2020-09-05";2020;"Q2";9;"September";5;35;1;7;"Saturday";"Sep-2020";"2020-09"
20200906;"2020-09-06";2020;"Q2";9;"September";6;36;1;1;"Sunday";"Sep-2020";"2020-09"
20200907;"2020-09-07";2020;"Q2";9;"September";7;36;0;2;"Monday";"Sep-2020";"2020-09"
20200908;"2020-09-08";2020;"Q2";9;"September";8;36;0;3;"Tuesday";"Sep-2020";"2020-09"
20200909;"2020-09-09";2020;"Q2";9;"September";9;36;0;4;"Wednesday";"Sep-2020";"2020-09"
20200910;"2020-09-10";2020;"Q2";9;"September";10;36;0;5;"Thursday";"Sep-2020";"2020-09"
20200911;"2020-09-11";2020;"Q2";9;"September";11;36;0;6;"Friday";"Sep-2020";"2020-09"
20200912;"2020-09-12";2020;"Q2";9;"September";12;36;1;7;"Saturday";"Sep-2020";"2020-09"
20200913;"2020-09-13";2020;"Q2";9;"September";13;37;1;1;"Sunday";"Sep-2020";"2020-09"
20200914;"2020-09-14";2020;"Q2";9;"September";14;37;0;2;"Monday";"Sep-2020";"2020-09"
20200915;"2020-09-15";2020;"Q2";9;"September";15;37;0;3;"Tuesday";"Sep-2020";"2020-09"
20200916;"2020-09-16";2020;"Q2";9;"September";16;37;0;4;"Wednesday";"Sep-2020";"2020-09"
20200917;"2020-09-17";2020;"Q2";9;"September";17;37;0;5;"Thursday";"Sep-2020";"2020-09"
20200918;"2020-09-18";2020;"Q2";9;"September";18;37;0;6;"Friday";"Sep-2020";"2020-09"
20200919;"2020-09-19";2020;"Q2";9;"September";19;37;1;7;"Saturday";"Sep-2020";"2020-09"
20200920;"2020-09-20";2020;"Q2";9;"September";20;38;1;1;"Sunday";"Sep-2020";"2020-09"
20200921;"2020-09-21";2020;"Q2";9;"September";21;38;0;2;"Monday";"Sep-2020";"2020-09"
20200922;"2020-09-22";2020;"Q2";9;"September";22;38;0;3;"Tuesday";"Sep-2020";"2020-09"
20200923;"2020-09-23";2020;"Q2";9;"September";23;38;0;4;"Wednesday";"Sep-2020";"2020-09"
20200924;"2020-09-24";2020;"Q2";9;"September";24;38;0;5;"Thursday";"Sep-2020";"2020-09"
20200925;"2020-09-25";2020;"Q2";9;"September";25;38;0;6;"Friday";"Sep-2020";"2020-09"
20200926;"2020-09-26";2020;"Q2";9;"September";26;38;1;7;"Saturday";"Sep-2020";"2020-09"
20200927;"2020-09-27";2020;"Q2";9;"September";27;39;1;1;"Sunday";"Sep-2020";"2020-09"
20200928;"2020-09-28";2020;"Q2";9;"September";28;39;0;2;"Monday";"Sep-2020";"2020-09"
20200929;"2020-09-29";2020;"Q2";9;"September";29;39;0;3;"Tuesday";"Sep-2020";"2020-09"
20200930;"2020-09-30";2020;"Q2";9;"September";30;39;0;4;"Wednesday";"Sep-2020";"2020-09"
20201001;"2020-10-01";2020;"Q3";10;"October";1;39;0;5;"Thursday";"Oct-2020";"2020-10"
20201002;"2020-10-02";2020;"Q3";10;"October";2;39;0;6;"Friday";"Oct-2020";"2020-10"
20201003;"2020-10-03";2020;"Q3";10;"October";3;39;1;7;"Saturday";"Oct-2020";"2020-10"
20201004;"2020-10-04";2020;"Q3";10;"October";4;40;1;1;"Sunday";"Oct-2020";"2020-10"
20201005;"2020-10-05";2020;"Q3";10;"October";5;40;0;2;"Monday";"Oct-2020";"2020-10"
20201006;"2020-10-06";2020;"Q3";10;"October";6;40;0;3;"Tuesday";"Oct-2020";"2020-10"
20201007;"2020-10-07";2020;"Q3";10;"October";7;40;0;4;"Wednesday";"Oct-2020";"2020-10"
20201008;"2020-10-08";2020;"Q3";10;"October";8;40;0;5;"Thursday";"Oct-2020";"2020-10"
20201009;"2020-10-09";2020;"Q3";10;"October";9;40;0;6;"Friday";"Oct-2020";"2020-10"
20201010;"2020-10-10";2020;"Q3";10;"October";10;40;1;7;"Saturday";"Oct-2020";"2020-10"
20201011;"2020-10-11";2020;"Q3";10;"October";11;41;1;1;"Sunday";"Oct-2020";"2020-10"
20201012;"2020-10-12";2020;"Q3";10;"October";12;41;0;2;"Monday";"Oct-2020";"2020-10"
20201013;"2020-10-13";2020;"Q3";10;"October";13;41;0;3;"Tuesday";"Oct-2020";"2020-10"
20201014;"2020-10-14";2020;"Q3";10;"October";14;41;0;4;"Wednesday";"Oct-2020";"2020-10"
20201015;"2020-10-15";2020;"Q3";10;"October";15;41;0;5;"Thursday";"Oct-2020";"2020-10"
20201016;"2020-10-16";2020;"Q3";10;"October";16;41;0;6;"Friday";"Oct-2020";"2020-10"
20201017;"2020-10-17";2020;"Q3";10;"October";17;41;1;7;"Saturday";"Oct-2020";"2020-10"
20201018;"2020-10-18";2020;"Q3";10;"October";18;42;1;1;"Sunday";"Oct-2020";"2020-10"
20201019;"2020-10-19";2020;"Q3";10;"October";19;42;0;2;"Monday";"Oct-2020";"2020-10"
20201020;"2020-10-20";2020;"Q3";10;"October";20;42;0;3;"Tuesday";"Oct-2020";"2020-10"
20201021;"2020-10-21";2020;"Q3";10;"October";21;42;0;4;"Wednesday";"Oct-2020";"2020-10"
20201022;"2020-10-22";2020;"Q3";10;"October";22;42;0;5;"Thursday";"Oct-2020";"2020-10"
20201023;"2020-10-23";2020;"Q3";10;"October";23;42;0;6;"Friday";"Oct-2020";"2020-10"
20201024;"2020-10-24";2020;"Q3";10;"October";24;42;1;7;"Saturday";"Oct-2020";"2020-10"
20201025;"2020-10-25";2020;"Q3";10;"October";25;43;1;1;"Sunday";"Oct-2020";"2020-10"
20201026;"2020-10-26";2020;"Q3";10;"October";26;43;0;2;"Monday";"Oct-2020";"2020-10"
20201027;"2020-10-27";2020;"Q3";10;"October";27;43;0;3;"Tuesday";"Oct-2020";"2020-10"
20201028;"2020-10-28";2020;"Q3";10;"October";28;43;0;4;"Wednesday";"Oct-2020";"2020-10"
20201029;"2020-10-29";2020;"Q3";10;"October";29;43;0;5;"Thursday";"Oct-2020";"2020-10"
20201030;"2020-10-30";2020;"Q3";10;"October";30;43;0;6;"Friday";"Oct-2020";"2020-10"
20201031;"2020-10-31";2020;"Q3";10;"October";31;43;1;7;"Saturday";"Oct-2020";"2020-10"
20201101;"2020-11-01";2020;"Q3";11;"November";1;44;1;1;"Sunday";"Nov-2020";"2020-11"
20201102;"2020-11-02";2020;"Q3";11;"November";2;44;0;2;"Monday";"Nov-2020";"2020-11"
20201103;"2020-11-03";2020;"Q3";11;"November";3;44;0;3;"Tuesday";"Nov-2020";"2020-11"
20201104;"2020-11-04";2020;"Q3";11;"November";4;44;0;4;"Wednesday";"Nov-2020";"2020-11"
20201105;"2020-11-05";2020;"Q3";11;"November";5;44;0;5;"Thursday";"Nov-2020";"2020-11"
20201106;"2020-11-06";2020;"Q3";11;"November";6;44;0;6;"Friday";"Nov-2020";"2020-11"
20201107;"2020-11-07";2020;"Q3";11;"November";7;44;1;7;"Saturday";"Nov-2020";"2020-11"
20201108;"2020-11-08";2020;"Q3";11;"November";8;45;1;1;"Sunday";"Nov-2020";"2020-11"
20201109;"2020-11-09";2020;"Q3";11;"November";9;45;0;2;"Monday";"Nov-2020";"2020-11"
20201110;"2020-11-10";2020;"Q3";11;"November";10;45;0;3;"Tuesday";"Nov-2020";"2020-11"
20201111;"2020-11-11";2020;"Q3";11;"November";11;45;0;4;"Wednesday";"Nov-2020";"2020-11"
20201112;"2020-11-12";2020;"Q3";11;"November";12;45;0;5;"Thursday";"Nov-2020";"2020-11"
20201113;"2020-11-13";2020;"Q3";11;"November";13;45;0;6;"Friday";"Nov-2020";"2020-11"
20201114;"2020-11-14";2020;"Q3";11;"November";14;45;1;7;"Saturday";"Nov-2020";"2020-11"
20201115;"2020-11-15";2020;"Q3";11;"November";15;46;1;1;"Sunday";"Nov-2020";"2020-11"
20201116;"2020-11-16";2020;"Q3";11;"November";16;46;0;2;"Monday";"Nov-2020";"2020-11"
20201117;"2020-11-17";2020;"Q3";11;"November";17;46;0;3;"Tuesday";"Nov-2020";"2020-11"
20201118;"2020-11-18";2020;"Q3";11;"November";18;46;0;4;"Wednesday";"Nov-2020";"2020-11"
20201119;"2020-11-19";2020;"Q3";11;"November";19;46;0;5;"Thursday";"Nov-2020";"2020-11"
20201120;"2020-11-20";2020;"Q3";11;"November";20;46;0;6;"Friday";"Nov-2020";"2020-11"
20201121;"2020-11-21";2020;"Q3";11;"November";21;46;1;7;"Saturday";"Nov-2020";"2020-11"
20201122;"2020-11-22";2020;"Q3";11;"November";22;47;1;1;"Sunday";"Nov-2020";"2020-11"
20201123;"2020-11-23";2020;"Q3";11;"November";23;47;0;2;"Monday";"Nov-2020";"2020-11"
20201124;"2020-11-24";2020;"Q3";11;"November";24;47;0;3;"Tuesday";"Nov-2020";"2020-11"
20201125;"2020-11-25";2020;"Q3";11;"November";25;47;0;4;"Wednesday";"Nov-2020";"2020-11"
20201126;"2020-11-26";2020;"Q3";11;"November";26;47;0;5;"Thursday";"Nov-2020";"2020-11"
20201127;"2020-11-27";2020;"Q3";11;"November";27;47;0;6;"Friday";"Nov-2020";"2020-11"
20201128;"2020-11-28";2020;"Q3";11;"November";28;47;1;7;"Saturday";"Nov-2020";"2020-11"
20201129;"2020-11-29";2020;"Q3";11;"November";29;48;1;1;"Sunday";"Nov-2020";"2020-11"
20201130;"2020-11-30";2020;"Q3";11;"November";30;48;0;2;"Monday";"Nov-2020";"2020-11"
20201201;"2020-12-01";2020;"Q3";12;"December";1;48;0;3;"Tuesday";"Dec-2020";"2020-12"
20201202;"2020-12-02";2020;"Q3";12;"December";2;48;0;4;"Wednesday";"Dec-2020";"2020-12"
20201203;"2020-12-03";2020;"Q3";12;"December";3;48;0;5;"Thursday";"Dec-2020";"2020-12"
20201204;"2020-12-04";2020;"Q3";12;"December";4;48;0;6;"Friday";"Dec-2020";"2020-12"
20201205;"2020-12-05";2020;"Q3";12;"December";5;48;1;7;"Saturday";"Dec-2020";"2020-12"
20201206;"2020-12-06";2020;"Q3";12;"December";6;49;1;1;"Sunday";"Dec-2020";"2020-12"
20201207;"2020-12-07";2020;"Q3";12;"December";7;49;0;2;"Monday";"Dec-2020";"2020-12"
20201208;"2020-12-08";2020;"Q3";12;"December";8;49;0;3;"Tuesday";"Dec-2020";"2020-12"
20201209;"2020-12-09";2020;"Q3";12;"December";9;49;0;4;"Wednesday";"Dec-2020";"2020-12"
20201210;"2020-12-10";2020;"Q3";12;"December";10;49;0;5;"Thursday";"Dec-2020";"2020-12"
20201211;"2020-12-11";2020;"Q3";12;"December";11;49;0;6;"Friday";"Dec-2020";"2020-12"
20201212;"2020-12-12";2020;"Q3";12;"December";12;49;1;7;"Saturday";"Dec-2020";"2020-12"
20201213;"2020-12-13";2020;"Q3";12;"December";13;50;1;1;"Sunday";"Dec-2020";"2020-12"
20201214;"2020-12-14";2020;"Q3";12;"December";14;50;0;2;"Monday";"Dec-2020";"2020-12"
20201215;"2020-12-15";2020;"Q3";12;"December";15;50;0;3;"Tuesday";"Dec-2020";"2020-12"
20201216;"2020-12-16";2020;"Q3";12;"December";16;50;0;4;"Wednesday";"Dec-2020";"2020-12"
20201217;"2020-12-17";2020;"Q3";12;"December";17;50;0;5;"Thursday";"Dec-2020";"2020-12"
20201218;"2020-12-18";2020;"Q3";12;"December";18;50;0;6;"Friday";"Dec-2020";"2020-12"
20201219;"2020-12-19";2020;"Q3";12;"December";19;50;1;7;"Saturday";"Dec-2020";"2020-12"
20201220;"2020-12-20";2020;"Q3";12;"December";20;51;1;1;"Sunday";"Dec-2020";"2020-12"
20201221;"2020-12-21";2020;"Q3";12;"December";21;51;0;2;"Monday";"Dec-2020";"2020-12"
20201222;"2020-12-22";2020;"Q3";12;"December";22;51;0;3;"Tuesday";"Dec-2020";"2020-12"
20201223;"2020-12-23";2020;"Q3";12;"December";23;51;0;4;"Wednesday";"Dec-2020";"2020-12"
20201224;"2020-12-24";2020;"Q3";12;"December";24;51;0;5;"Thursday";"Dec-2020";"2020-12"
20201225;"2020-12-25";2020;"Q3";12;"December";25;51;0;6;"Friday";"Dec-2020";"2020-12"
20201226;"2020-12-26";2020;"Q3";12;"December";26;51;1;7;"Saturday";"Dec-2020";"2020-12"
20201227;"2020-12-27";2020;"Q3";12;"December";27;52;1;1;"Sunday";"Dec-2020";"2020-12"
20201228;"2020-12-28";2020;"Q3";12;"December";28;52;0;2;"Monday";"Dec-2020";"2020-12"
20201229;"2020-12-29";2020;"Q3";12;"December";29;52;0;3;"Tuesday";"Dec-2020";"2020-12"
20201230;"2020-12-30";2020;"Q3";12;"December";30;52;0;4;"Wednesday";"Dec-2020";"2020-12"
20201231;"2020-12-31";2020;"Q3";12;"December";31;52;0;5;"Thursday";"Dec-2020";"2020-12"
20210101;"2021-01-01";2021;"Q4";1;"January";1;0;0;6;"Friday";"Jan-2021";"2021-01"
